EAN_ID;Patrimonium Type;Patrimonium Functietype;Meetmethode;Richting
681;;;Continu;Afname
125;;;Continu;Afname
213;;;Continu;Afname
603;;;Continu;Afname
1699;;;Continu;Afname
452;Gebouw;Zwembad;Continu;Afname
1016;;;Continu;Afname
1206;;;Continu;Afname
1287;;;Continu;Afname
1480;Gebouw;Administratief centrum;Continu;Afname
181;;;Continu;Afname
907;Gebouw;Cultureel centrum;Continu;Afname
985;;;Continu;Afname
1737;;;Continu;Afname
1071;;;Continu;Afname
276;;;Continu;Afname
599;Gebouw;Museum;Continu;Afname
1277;;;Continu;Afname
1383;Gebouw;Zwembad;Continu;Afname
1409;Gebouw;RVT/WZC/revalidatiecentrum;Continu;Afname
1496;Gebouw;Zwembad;Continu;Afname
78;;;Continu;Afname
1631;;;Continu;Afname
667;Gebouw;Technische middelbare school;Continu;Afname
1363;Gebouw;Administratief centrum;Continu;Afname
155;Gebouw;Administratief centrum;Continu;Afname
977;Gebouw;Museum;Continu;Afname
499;Gebouw;Museum;Continu;Afname
509;Gebouw;Bibliotheek;Continu;Afname
117;;;Continu;Afname
54;Gebouw;Sporthal;Continu;Afname
1233;Gebouw;Sporthal;Continu;Afname
23;Gebouw;Academie;Continu;Afname
147;Gebouw;Stadhuis/Gemeentehuis;Continu;Afname
25;Gebouw;RVT/WZC/revalidatiecentrum;Continu;Afname
1382;Gebouw;Administratief centrum;Continu;Afname
27;Gebouw;Sporthal;Continu;Afname
1441;Gebouw;Ontmoetingscentrum;Continu;Afname
1472;Gebouw;Andere gebouwen;Continu;Afname
731;;;Continu;Afname
1528;;;Continu;Afname
1573;Gebouw;Andere gebouwen;Continu;Afname
82;Gebouw;Sportcomplex;Continu;Afname
388;;;Continu;Afname
193;;;Continu;Afname
1707;;;Continu;Afname
1032;Gebouw;Zwembad;Continu;Afname
94;Gebouw;Algemene middelbare school;Continu;Afname
911;Gebouw;Administratief centrum;Continu;Afname
931;;;Continu;Afname
1354;;;Continu;Afname
480;Gebouw;Museum;Continu;Afname
484;;;Continu;Afname
1037;;;Continu;Afname
1056;;;Continu;Afname
1075;Gebouw;RVT/WZC/revalidatiecentrum;Continu;Afname
1107;;;Continu;Afname
1119;Gebouw;RVT/WZC/revalidatiecentrum;Continu;Afname
1131;Gebouw;Ziekenhuis;Continu;Afname
1151;Gebouw;Zwembad;Continu;Afname
1167;Gebouw;Ontmoetingscentrum;Continu;Afname
1201;Gebouw;Lagere school;Continu;Afname
1213;;;Continu;Afname
1237;Gebouw;RVT/WZC/revalidatiecentrum;Continu;Afname
1249;Gebouw;Brandweerkazerne;Continu;Afname
1265;Gebouw;Lagere school;Continu;Afname
639;Gebouw;Museum;Continu;Afname
1309;Gebouw;Stadion;Continu;Afname
320;Gebouw;RVT/WZC/revalidatiecentrum;Continu;Afname
1359;Gebouw;Lagere school;Continu;Afname
330;;;Continu;Afname
17;Gebouw;Sporthal;Continu;Afname
1405;Gebouw;Werkplaats;Continu;Afname
1425;Gebouw;Bibliotheek;Continu;Afname
1445;Gebouw;Cultureel centrum;Continu;Afname
719;Gebouw;Technische middelbare school;Continu;Afname
1476;;;Continu;Afname
1488;Gebouw;Cultureel centrum;Continu;Afname
31;Gebouw;Academie;Continu;Afname
1536;;;Continu;Afname
1554;;;Continu;Afname
1566;Gebouw;RVT/WZC/revalidatiecentrum;Continu;Afname
1591;;;Continu;Afname
1611;;;Continu;Afname
1627;Gebouw;Administratief centrum;Continu;Afname
402;Gebouw;Algemene middelbare school;Continu;Afname
1675;;;Continu;Afname
835;;;Continu;Afname
1711;;;Continu;Afname
1723;Gebouw;RVT/WZC/revalidatiecentrum;Continu;Afname
1321;;;Continu;Afname
871;Gebouw;Sporthal;Continu;Afname
39;Gebouw;RVT/WZC/revalidatiecentrum;Continu;Afname
883;Gebouw;RVT/WZC/revalidatiecentrum;Continu;Afname
436;Gebouw;Academie;Continu;Afname
655;Gebouw;Stadion;Continu;Afname
98;Gebouw;Cultureel centrum;Continu;Afname
1665;Gebouw;RVT/WZC/revalidatiecentrum;Continu;Afname
464;Gebouw;RVT/WZC/revalidatiecentrum;Continu;Afname
456;;;Continu;Afname
43;;;Continu;Afname
1368;;;Continu;Afname
135;Gebouw;OCMW Woningen;Continu;Afname
1187;Gebouw;Administratief centrum;Continu;Afname
45;Gebouw;Zwembad;Continu;Afname
989;Gebouw;Sporthal;Continu;Afname
993;Gebouw;Buitengewoon lager onderwijs (MPI);Continu;Afname
1738;Gebouw;RVT/WZC/revalidatiecentrum;Continu;Afname
1008;;;Continu;Afname
1024;;;Continu;Afname
1034;Gebouw;Academie;Continu;Afname
1044;;;Continu;Afname
515;;;Continu;Afname
519;Gebouw;Sporthal;Continu;Afname
1067;Gebouw;Ontmoetingscentrum;Continu;Afname
1077;Gebouw;Administratief centrum;Continu;Afname
1083;;;Continu;Afname
1091;;;Continu;Afname
260;Gebouw;RVT/WZC/revalidatiecentrum;Continu;Afname
543;;;Continu;Afname
547;;;Continu;Afname
551;;;Continu;Afname
1133;Gebouw;Stadhuis/Gemeentehuis;Continu;Afname
1135;;;Continu;Afname
563;Gebouw;Cultureel centrum;Continu;Afname
567;Gebouw;Sportcomplex;Continu;Afname
1163;Gebouw;RVT/WZC/revalidatiecentrum;Continu;Afname
575;Gebouw;Administratief centrum;Continu;Afname
579;Gebouw;Administratief centrum;Continu;Afname
1189;;;Continu;Afname
48;;;Continu;Afname
597;;;Continu;Afname
290;;;Continu;Afname
292;Gebouw;Sporthal;Continu;Afname
607;Gebouw;Andere gebouwen;Continu;Afname
611;Gebouw;Lagere school;Continu;Afname
1253;Gebouw;Brandweerkazerne;Continu;Afname
1261;;;Continu;Afname
1269;Gebouw;Sportcomplex;Continu;Afname
304;Gebouw;Cultureel centrum;Continu;Afname
631;;;Continu;Afname
145;Gebouw;Stadhuis/Gemeentehuis;Continu;Afname
1299;Gebouw;Museum;Continu;Afname
1311;Gebouw;Administratief centrum;Continu;Afname
647;Gebouw;Administratief centrum;Continu;Afname
1323;Gebouw;Sporthal;Continu;Afname
1333;;;Continu;Afname
1339;Gebouw;Cultureel centrum;Continu;Afname
152;Gebouw;Sporthal;Continu;Afname
1358;;;Continu;Afname
327;;;Continu;Afname
1370;;;Continu;Afname
1380;Gebouw;Lagere school;Continu;Afname
1387;Gebouw;OCMW Woningen;Continu;Afname
1397;Gebouw;Werkplaats;Continu;Afname
695;Gebouw;Academie;Continu;Afname
340;Gebouw;Sporthal;Continu;Afname
703;;;Continu;Afname
344;;;Continu;Afname
165;Gebouw;Brandweerkazerne;Continu;Afname
1461;Gebouw;RVT/WZC/revalidatiecentrum;Continu;Afname
723;;;Continu;Afname
727;Gebouw;Andere gebouwen;Continu;Afname
356;Gebouw;Sporthal;Continu;Afname
1492;;;Continu;Afname
739;Gebouw;Stadhuis/Gemeentehuis;Continu;Afname
1504;;;Continu;Afname
8;Gebouw;Brandweerkazerne;Continu;Afname
1520;;;Continu;Afname
755;Gebouw;Stadhuis/Gemeentehuis;Continu;Afname
759;Gebouw;Sporthal;Continu;Afname
1548;;;Continu;Afname
1557;Gebouw;Stadhuis/Gemeentehuis;Continu;Afname
774;Gebouw;Andere gebouwen;Continu;Afname
778;Gebouw;Stadion;Continu;Afname
1583;Gebouw;Sporthal;Continu;Afname
787;Gebouw;Ontmoetingscentrum;Continu;Afname
1599;Gebouw;RVT/WZC/revalidatiecentrum;Continu;Afname
185;Gebouw;Sporthal;Continu;Afname
1615;Gebouw;Cultureel centrum;Continu;Afname
392;Gebouw;Stadhuis/Gemeentehuis;Continu;Afname
807;Gebouw;Politiegebouw;Continu;Afname
35;Gebouw;Ontmoetingscentrum;Continu;Afname
1647;Gebouw;Zwembad;Continu;Afname
819;Gebouw;Museum;Continu;Afname
1679;Gebouw;Andere gebouwen;Continu;Afname
1691;Gebouw;Politiegebouw;Continu;Afname
839;;;Continu;Afname
845;;;Continu;Afname
847;Gebouw;RVT/WZC/revalidatiecentrum;Continu;Afname
416;Gebouw;Sportcomplex;Continu;Afname
1727;Gebouw;RVT/WZC/revalidatiecentrum;Continu;Afname
863;;;Continu;Afname
875;Gebouw;Lagere school;Continu;Afname
316;Gebouw;Sporthal;Continu;Afname
771;Gebouw;Cultureel centrum;Continu;Afname
376;Gebouw;Zwembad;Continu;Afname
284;Gebouw;RVT/WZC/revalidatiecentrum;Continu;Afname
209;Gebouw;Ontmoetingscentrum;Continu;Afname
775;Gebouw;Zwembad;Continu;Afname
440;Gebouw;Stadhuis/Gemeentehuis;Continu;Afname
944;Gebouw;Bibliotheek;Continu;Afname
843;;;Continu;Afname
915;Gebouw;Sporthal;Continu;Afname
1225;;;Continu;Afname
217;Gebouw;Sporthal;Continu;Afname
1313;Gebouw;Sporthal;Continu;Afname
66;;;Continu;Afname
773;Gebouw;Administratief centrum;Continu;Afname
1379;Gebouw;Sportcomplex;Continu;Afname
462;Gebouw;Werkplaats;Continu;Afname
948;;;Continu;Afname
326;Gebouw;Werkplaats;Continu;Afname
225;;;Continu;Afname
1687;;;Continu;Afname
472;;;Continu;Afname
966;Gebouw;Cultureel centrum;Continu;Afname
973;Gebouw;Werkplaats;Continu;Afname
979;Gebouw;Zwembad;Continu;Afname
981;Gebouw;RVT/WZC/revalidatiecentrum;Continu;Afname
233;;;Continu;Afname
486;Gebouw;Cultureel centrum;Continu;Afname
488;Gebouw;Stadhuis/Gemeentehuis;Continu;Afname
997;;;Continu;Afname
1739;Gebouw;RVT/WZC/revalidatiecentrum;Continu;Afname
1203;Gebouw;Sporthal;Continu;Afname
1005;Gebouw;Sporthal;Continu;Afname
1012;Gebouw;Cultureel centrum;Continu;Afname
496;Gebouw;Werkplaats;Continu;Afname
1020;;;Continu;Afname
503;Gebouw;Brandweerkazerne;Continu;Afname
1028;;;Continu;Afname
1035;;;Continu;Afname
245;Gebouw;Andere gebouwen;Continu;Afname
511;;;Continu;Afname
513;Gebouw;Jeugdhuis;Continu;Afname
248;Gebouw;Algemene middelbare school;Continu;Afname
1052;Gebouw;Sportcomplex;Continu;Afname
1060;Gebouw;Lagere school;Continu;Afname
114;Gebouw;Stadhuis/Gemeentehuis;Continu;Afname
525;;;Continu;Afname
527;Gebouw;Academie;Continu;Afname
530;Gebouw;Ontmoetingscentrum;Continu;Afname
256;;;Continu;Afname
533;Gebouw;Stadhuis/Gemeentehuis;Continu;Afname
535;Gebouw;Technische middelbare school;Continu;Afname
537;Gebouw;Algemene middelbare school;Continu;Afname
121;;;Continu;Afname
1099;;;Continu;Afname
262;Gebouw;RVT/WZC/revalidatiecentrum;Continu;Afname
264;Gebouw;Administratief centrum;Continu;Afname
1115;Gebouw;Museum;Continu;Afname
1123;Gebouw;Sportcomplex;Continu;Afname
51;Gebouw;Zwembad;Continu;Afname
557;Gebouw;Administratief centrum;Continu;Afname
559;Gebouw;Stadhuis/Gemeentehuis;Continu;Afname
1139;Gebouw;Stadhuis/Gemeentehuis;Continu;Afname
272;Gebouw;Sporthal;Continu;Afname
1147;Gebouw;Werkplaats;Continu;Afname
274;Gebouw;Werkplaats;Continu;Afname
1155;Gebouw;Academie;Continu;Afname
129;Gebouw;Werkplaats;Continu;Afname
1165;Gebouw;Administratief centrum;Continu;Afname
278;Gebouw;Cultureel centrum;Continu;Afname
1171;Gebouw;Sportcomplex;Continu;Afname
280;Gebouw;Stadion;Continu;Afname
1179;Gebouw;Bibliotheek;Continu;Afname
583;Gebouw;Administratief centrum;Continu;Afname
1193;Gebouw;Sporthal;Continu;Afname
1195;;;Continu;Afname
1202;;;Continu;Afname
1207;;;Continu;Afname
1210;;;Continu;Afname
1221;Gebouw;Andere gebouwen;Continu;Afname
137;Gebouw;Bibliotheek;Continu;Afname
1229;Gebouw;Dienstencentrum/CAW/dagverblijf;Continu;Afname
609;Gebouw;Andere gebouwen;Continu;Afname
296;Gebouw;Lagere school;Continu;Afname
1245;Gebouw;Lagere school;Continu;Afname
615;;;Continu;Afname
617;Gebouw;Buitengewoon middelbaar onderwijs (BUSO);Continu;Afname
20;Gebouw;Sportcomplex;Continu;Afname
621;Gebouw;Werkplaats;Continu;Afname
623;Gebouw;Lagere school;Continu;Afname
629;Gebouw;Sportcomplex;Continu;Afname
306;Gebouw;Stadion;Continu;Afname
1291;Gebouw;Cultureel centrum;Continu;Afname
1293;;;Continu;Afname
1300;Gebouw;Algemene middelbare school;Continu;Afname
1301;;;Continu;Afname
1306;;;Continu;Afname
1312;Gebouw;Museum;Continu;Afname
1315;Gebouw;Dienstencentrum/CAW/dagverblijf;Continu;Afname
649;Gebouw;Algemene middelbare school;Continu;Afname
1324;Gebouw;Kleuterschool;Continu;Afname
653;Gebouw;Andere gebouwen;Continu;Afname
1335;Gebouw;Buitengewoon lager onderwijs (MPI);Continu;Afname
151;Gebouw;Cultureel centrum;Continu;Afname
661;Gebouw;Jeugdhuis;Continu;Afname
1348;;;Continu;Afname
323;Gebouw;Algemene middelbare school;Continu;Afname
1356;Gebouw;Kleuterschool;Continu;Afname
1360;Gebouw;Stadion;Continu;Afname
154;Gebouw;Lagere school;Continu;Afname
676;Gebouw;Lagere school;Continu;Afname
156;Gebouw;Stadhuis/Gemeentehuis;Continu;Afname
1384;Gebouw;Stadhuis/Gemeentehuis;Continu;Afname
1386;Gebouw;OCMW Administratief centrum;Continu;Afname
1389;;;Continu;Afname
687;Gebouw;Buitengewoon middelbaar onderwijs (BUSO);Continu;Afname
689;Gebouw;Zwembad;Continu;Afname
336;Gebouw;Lagere school;Continu;Afname
693;Gebouw;Kleuterschool;Continu;Afname
1413;;;Continu;Afname
161;Gebouw;Sporthal;Continu;Afname
1421;;;Continu;Afname
342;;;Continu;Afname
1429;Gebouw;Stadhuis/Gemeentehuis;Continu;Afname
163;Gebouw;Cultureel centrum;Continu;Afname
1437;Gebouw;Ontmoetingscentrum;Continu;Afname
711;Gebouw;Cultureel centrum;Continu;Afname
1447;Gebouw;Andere gebouwen;Continu;Afname
74;Gebouw;Sporthal;Continu;Afname
1453;Gebouw;Sportcomplex;Continu;Afname
1459;Gebouw;Administratief centrum;Continu;Afname
352;;;Continu;Afname
1468;Gebouw;Sporthal;Continu;Afname
1474;Gebouw;Lagere school;Continu;Afname
1478;Gebouw;Academie;Continu;Afname
169;Gebouw;Academie;Continu;Afname
1484;;;Continu;Afname
735;;;Continu;Afname
360;Gebouw;Cultureel centrum;Continu;Afname
1500;Gebouw;Cultureel centrum;Continu;Afname
743;;;Continu;Afname
1508;Gebouw;Sporthal;Continu;Afname
5;Andere;Kast;Continu;Afname
1516;Andere;Kast;Continu;Afname
751;Gebouw;Kleuterschool;Continu;Afname
1524;Andere;Kast;Continu;Afname
368;Andere;Kast;Continu;Afname
1532;Gebouw;Zwembad;Continu;Afname
1540;;;Continu;Afname
177;;;Continu;Afname
1550;Gebouw;Lagere school;Continu;Afname
768;Gebouw;OCMW Administratief centrum;Continu;Afname
770;Gebouw;Sporthal;Continu;Afname
772;;;Continu;Afname
377;Gebouw;Stadhuis/Gemeentehuis;Continu;Afname
1570;;;Continu;Afname
33;Gebouw;Lagere school;Continu;Afname
1579;;;Continu;Afname
783;;;Continu;Afname
1587;;;Continu;Afname
384;;;Continu;Afname
1595;;;Continu;Afname
791;Gebouw;Werkplaats;Continu;Afname
1603;;;Continu;Afname
84;Gebouw;Sporthal;Continu;Afname
1613;Gebouw;RVT/WZC/revalidatiecentrum;Continu;Afname
799;Gebouw;Academie;Continu;Afname
1619;;;Continu;Afname
187;Gebouw;Museum;Continu;Afname
805;;;Continu;Afname
1633;Gebouw;Cultureel centrum;Continu;Afname
1635;;;Continu;Afname
1641;;;Continu;Afname
1643;;;Continu;Afname
815;Gebouw;Museum;Continu;Afname
1651;Gebouw;Andere gebouwen;Continu;Afname
400;;;Continu;Afname
1659;;;Continu;Afname
192;Gebouw;Cultureel centrum;Continu;Afname
825;;;Continu;Afname
1673;Gebouw;Lagere school;Continu;Afname
829;;;Continu;Afname
831;Gebouw;Museum;Continu;Afname
1683;Gebouw;Algemene middelbare school;Continu;Afname
408;Gebouw;Bibliotheek;Continu;Afname
1693;;;Continu;Afname
1697;Gebouw;Lagere school;Continu;Afname
841;Gebouw;Jeugdhuis;Continu;Afname
90;;;Continu;Afname
1713;Gebouw;Brandweerkazerne;Continu;Afname
1715;;;Continu;Afname
199;Gebouw;Lagere school;Continu;Afname
1725;;;Continu;Afname
855;Gebouw;OCMW Administratief centrum;Continu;Afname
1731;Gebouw;Sportcomplex;Continu;Afname
201;Gebouw;OCMW Administratief centrum;Continu;Afname
364;Gebouw;Sportcomplex;Continu;Afname
1544;Gebouw;Stadhuis/Gemeentehuis;Continu;Afname
763;Gebouw;Werkplaats;Continu;Afname
396;Gebouw;Lagere school;Continu;Afname
1385;Gebouw;Lagere school;Continu;Afname
12;Gebouw;Sporthal;Continu;Afname
879;;;Continu;Afname
189;;;Continu;Afname
432;;;Continu;Afname
141;Gebouw;OCMW Administratief centrum;Continu;Afname
887;;;Continu;Afname
1064;Gebouw;Lagere school;Continu;Afname
1667;Gebouw;Lagere school;Continu;Afname
102;;;Continu;Afname
895;Gebouw;Sporthal;Continu;Afname
897;Gebouw;Werkplaats;Continu;Afname
444;Gebouw;Werkplaats;Continu;Afname
923;Gebouw;Academie;Continu;Afname
903;Gebouw;Sporthal;Continu;Afname
1671;Gebouw;Cultureel centrum;Continu;Afname
908;;;Continu;Afname
671;;;Continu;Afname
1351;Gebouw;Sporthal;Continu;Afname
378;Gebouw;Cultureel centrum;Continu;Afname
448;;;Continu;Afname
795;;;Continu;Afname
919;;;Continu;Afname
324;Gebouw;Administratief centrum;Continu;Afname
100;Gebouw;Bibliotheek;Continu;Afname
925;;;Continu;Afname
927;Gebouw;Buitengewoon middelbaar onderwijs (BUSO);Continu;Afname
899;;;Continu;Afname
1375;Gebouw;Sporthal;Continu;Afname
935;Gebouw;Stadhuis/Gemeentehuis;Continu;Afname
1381;Gebouw;Sporthal;Continu;Afname
14;;;Continu;Afname
940;;;Continu;Afname
133;Gebouw;Ontmoetingscentrum;Continu;Afname
673;;;Continu;Afname
1569;Gebouw;Brandweerkazerne;Continu;Afname
157;;;Continu;Afname
950;Gebouw;Administratief centrum;Continu;Afname
1341;Gebouw;Museum;Continu;Afname
1143;Gebouw;Bibliotheek;Continu;Afname
312;Gebouw;Kinderdagverblijf/BKO/IBO;Continu;Afname
958;Gebouw;Andere gebouwen;Continu;Afname
379;Gebouw;Dienstencentrum/CAW/dagverblijf;Continu;Afname
227;Gebouw;OCMW Administratief centrum;Continu;Afname
964;Gebouw;Academie;Continu;Afname
474;Gebouw;Werkplaats;Continu;Afname
968;;;Continu;Afname
593;;;Continu;Afname
971;Gebouw;Academie;Continu;Afname
478;;;Continu;Afname
975;;;Continu;Afname
231;Gebouw;Lagere school;Continu;Afname
482;;;Continu;Afname
983;Gebouw;Ontmoetingscentrum;Continu;Afname
108;Gebouw;Lagere school;Continu;Afname
987;Gebouw;Bibliotheek;Continu;Afname
991;Andere;Laadeiland;Continu;Afname
235;Gebouw;Werkplaats;Continu;Afname
995;Gebouw;Cultureel centrum;Continu;Afname
490;Gebouw;Dienstencentrum/CAW/dagverblijf;Continu;Afname
999;Gebouw;Cultureel centrum;Continu;Afname
1740;;;Continu;Afname
1639;Gebouw;Ontmoetingscentrum;Continu;Afname
1204;;;Continu;Afname
1191;Gebouw;Sporthal;Continu;Afname
1006;Gebouw;OCMW Administratief centrum;Continu;Afname
1010;Gebouw;Bibliotheek;Continu;Afname
1002;Gebouw;Stadhuis/Gemeentehuis;Continu;Afname
1014;;;Continu;Afname
497;;;Continu;Afname
1018;;;Continu;Afname
501;Gebouw;Sportcomplex;Continu;Afname
1022;;;Continu;Afname
493;Gebouw;Zwembad;Continu;Afname
1026;;;Continu;Afname
505;Gebouw;Sportcomplex;Continu;Afname
1030;Gebouw;Ontmoetingscentrum;Continu;Afname
242;Gebouw;OCMW Administratief centrum;Continu;Afname
1038;;;Continu;Afname
246;Gebouw;Museum;Continu;Afname
1042;Gebouw;Sportcomplex;Continu;Afname
1046;Gebouw;Zwembad;Continu;Afname
238;;;Continu;Afname
1050;Gebouw;Cultureel centrum;Continu;Afname
517;;;Continu;Afname
1054;Terrein;Voetbalveld;Continu;Afname
250;Gebouw;Kinderdagverblijf/BKO/IBO;Continu;Afname
1058;;;Continu;Afname
521;Gebouw;Dienstencentrum/CAW/dagverblijf;Continu;Afname
1062;Gebouw;Stadhuis/Gemeentehuis;Continu;Afname
115;Gebouw;Lagere school;Continu;Afname
1065;Gebouw;Stadhuis/Gemeentehuis;Continu;Afname
1069;Gebouw;Sporthal;Continu;Afname
254;Gebouw;Sporthal;Continu;Afname
1073;Gebouw;Sporthal;Continu;Afname
529;;;Continu;Afname
119;Gebouw;Lagere school;Continu;Afname
1081;Gebouw;Ontmoetingscentrum;Continu;Afname
1085;Gebouw;Museum;Continu;Afname
258;Gebouw;Ontmoetingscentrum;Continu;Afname
1089;Gebouw;Ontmoetingscentrum;Continu;Afname
1092;Gebouw;Lagere school;Continu;Afname
1093;Gebouw;OCMW Administratief centrum;Continu;Afname
111;;;Continu;Afname
1097;Gebouw;Lagere school;Continu;Afname
541;;;Continu;Afname
1101;Gebouw;Lagere school;Continu;Afname
122;;;Continu;Afname
1105;Gebouw;Administratief centrum;Continu;Afname
545;Gebouw;Administratief centrum;Continu;Afname
1109;Gebouw;Lagere school;Continu;Afname
123;Gebouw;Stadion;Continu;Afname
1113;Gebouw;Stadion;Continu;Afname
549;;;Continu;Afname
1117;Gebouw;Werkplaats;Continu;Afname
266;Andere;Kast;Continu;Afname
1121;Gebouw;Sportcomplex;Continu;Afname
553;;;Continu;Afname
1125;;;Continu;Afname
52;Gebouw;Lagere school;Continu;Afname
1129;Gebouw;Sportcomplex;Continu;Afname
269;Gebouw;Stadhuis/Gemeentehuis;Continu;Afname
270;Gebouw;Sporthal;Continu;Afname
1137;Gebouw;Sportcomplex;Continu;Afname
561;Gebouw;Academie;Continu;Afname
1141;Gebouw;Bibliotheek;Continu;Afname
127;Gebouw;Lagere school;Continu;Afname
1145;;;Continu;Afname
565;Gebouw;Kinderdagverblijf/BKO/IBO;Continu;Afname
1149;Gebouw;Lagere school;Continu;Afname
1152;;;Continu;Afname
1153;;;Continu;Afname
569;Gebouw;Academie;Continu;Afname
1157;Gebouw;Stadion;Continu;Afname
56;Gebouw;Ontmoetingscentrum;Continu;Afname
1161;Gebouw;Kinderdagverblijf/BKO/IBO;Continu;Afname
573;;;Continu;Afname
130;;;Continu;Afname
1169;;;Continu;Afname
577;;;Continu;Afname
1173;;;Continu;Afname
131;;;Continu;Afname
1177;;;Continu;Afname
581;;;Continu;Afname
1181;;;Continu;Afname
282;;;Continu;Afname
1185;Gebouw;Kerk;Continu;Afname
585;;;Continu;Afname
586;;;Continu;Afname
588;Gebouw;Academie;Continu;Afname
589;;;Continu;Afname
1197;Gebouw;Bibliotheek;Continu;Afname
286;;;Continu;Afname
592;;;Continu;Afname
287;Gebouw;Andere gebouwen;Continu;Afname
1208;Gebouw;Stadhuis/Gemeentehuis;Continu;Afname
59;Gebouw;Kerk;Continu;Afname
1211;;;Continu;Afname
1214;Gebouw;Administratief centrum;Continu;Afname
1215;Gebouw;Cultureel centrum;Continu;Afname
136;Gebouw;Jeugdhuis;Continu;Afname
1219;;;Continu;Afname
601;;;Continu;Afname
1223;;;Continu;Afname
60;;;Continu;Afname
1227;;;Continu;Afname
605;Gebouw;Andere gebouwen;Continu;Afname
1231;Gebouw;Sportcomplex;Continu;Afname
294;;;Continu;Afname
1235;Gebouw;Ontmoetingscentrum;Continu;Afname
1239;Andere;Pomp;Continu;Afname
139;;;Continu;Afname
1243;;;Continu;Afname
613;;;Continu;Afname
1247;Gebouw;Bibliotheek;Continu;Afname
298;;;Continu;Afname
1251;Gebouw;OCMW Administratief centrum;Continu;Afname
1254;Gebouw;Administratief centrum;Continu;Afname
1255;Gebouw;RVT/WZC/revalidatiecentrum;Continu;Afname
21;Gebouw;Cultureel centrum;Continu;Afname
1259;;;Continu;Afname
301;;;Continu;Afname
1263;;;Continu;Afname
302;Gebouw;Andere gebouwen;Continu;Afname
1267;;;Continu;Afname
625;Gebouw;Stadion;Continu;Afname
1271;Gebouw;RVT/WZC/revalidatiecentrum;Continu;Afname
143;Andere;Kast;Continu;Afname
1275;Gebouw;Werkplaats;Continu;Afname
1279;Gebouw;Academie;Continu;Afname
1283;;;Continu;Afname
633;Gebouw;Administratief centrum;Continu;Afname
1288;Gebouw;Administratief centrum;Continu;Afname
64;;;Continu;Afname
636;;;Continu;Afname
637;Gebouw;Algemene middelbare school;Continu;Afname
1295;Gebouw;Andere gebouwen;Continu;Afname
310;Gebouw;OCMW Administratief centrum;Continu;Afname
640;Gebouw;Algemene middelbare school;Continu;Afname
641;;;Continu;Afname
1303;;;Continu;Afname
65;;;Continu;Afname
1307;Gebouw;Kinderdagverblijf/BKO/IBO;Continu;Afname
645;Gebouw;Administratief centrum;Continu;Afname
646;;;Continu;Afname
314;Gebouw;Administratief centrum;Continu;Afname
648;Gebouw;Administratief centrum;Continu;Afname
315;Gebouw;Museum;Continu;Afname
1319;Gebouw;Sporthal;Continu;Afname
1322;Gebouw;Lagere school;Continu;Afname
652;;;Continu;Afname
317;Gebouw;Andere gebouwen;Continu;Afname
654;;;Continu;Afname
318;Gebouw;Bibliotheek;Continu;Afname
1331;Gebouw;Cultureel centrum;Continu;Afname
657;;;Continu;Afname
658;Gebouw;Ontmoetingscentrum;Continu;Afname
67;;;Continu;Afname
660;Gebouw;RVT/WZC/revalidatiecentrum;Continu;Afname
321;;;Continu;Afname
1343;Gebouw;Academie;Continu;Afname
1346;Gebouw;Administratief centrum;Continu;Afname
664;Gebouw;Stadion;Continu;Afname
1350;Gebouw;Cultureel centrum;Continu;Afname
666;Gebouw;Andere gebouwen;Continu;Afname
26;;;Continu;Afname
668;;;Continu;Afname
325;Gebouw;Ontmoetingscentrum;Continu;Afname
670;Gebouw;Sportcomplex;Continu;Afname
1362;Gebouw;Kinderdagverblijf/BKO/IBO;Continu;Afname
672;Gebouw;Cultureel centrum;Continu;Afname
1366;Andere;Kast;Continu;Afname
674;Andere;Kast;Continu;Afname
69;Andere;Kast;Continu;Afname
1372;Andere;Kast;Continu;Afname
1374;Andere;Kast;Continu;Afname
1376;Gebouw;Andere gebouwen;Continu;Afname
1378;Gebouw;Andere gebouwen;Continu;Afname
680;;;Continu;Afname
331;;;Continu;Afname
682;;;Continu;Afname
18;Gebouw;Bibliotheek;Continu;Afname
684;Terrein;Voetbalveld;Continu;Afname
685;Gebouw;Stadhuis/Gemeentehuis;Continu;Afname
1391;Gebouw;Ontmoetingscentrum;Continu;Afname
334;Gebouw;Academie;Continu;Afname
1395;;;Continu;Afname
335;Gebouw;Zwembad;Continu;Afname
1399;Gebouw;Stadhuis/Gemeentehuis;Continu;Afname
159;Gebouw;Andere gebouwen;Continu;Afname
1403;;;Continu;Afname
1406;Gebouw;Zwembad;Continu;Afname
1407;;;Continu;Afname
338;;;Continu;Afname
1411;Gebouw;Administratief centrum;Continu;Afname
697;Gebouw;Administratief centrum;Continu;Afname
1415;Gebouw;Administratief centrum;Continu;Afname
72;;;Continu;Afname
1419;Gebouw;Administratief centrum;Continu;Afname
701;Gebouw;Cultureel centrum;Continu;Afname
1423;Andere;Kast;Continu;Afname
1427;;;Continu;Afname
705;;;Continu;Afname
1431;Gebouw;Sporthal;Continu;Afname
73;;;Continu;Afname
1435;;;Continu;Afname
709;Gebouw;Andere gebouwen;Continu;Afname
1439;Gebouw;Andere gebouwen;Continu;Afname
346;;;Continu;Afname
1443;;;Continu;Afname
713;Gebouw;Werkplaats;Continu;Afname
714;Gebouw;Cultureel centrum;Continu;Afname
29;;;Continu;Afname
1451;Gebouw;Sporthal;Continu;Afname
717;Gebouw;Sportcomplex;Continu;Afname
1455;Gebouw;Ontmoetingscentrum;Continu;Afname
350;Gebouw;Ontmoetingscentrum;Continu;Afname
1460;;;Continu;Afname
721;Gebouw;RVT/WZC/revalidatiecentrum;Continu;Afname
1463;Gebouw;Ontmoetingscentrum;Continu;Afname
167;Gebouw;Kleuterschool;Continu;Afname
1466;Gebouw;Administratief centrum;Continu;Afname
725;;;Continu;Afname
1470;Gebouw;Dienstencentrum/CAW/dagverblijf;Continu;Afname
354;;;Continu;Afname
729;;;Continu;Afname
76;Gebouw;Museum;Continu;Afname
1482;Gebouw;Administratief centrum;Continu;Afname
733;Gebouw;Sporthal;Continu;Afname
1486;Gebouw;Andere gebouwen;Continu;Afname
358;;;Continu;Afname
1490;;;Continu;Afname
737;Gebouw;Sporthal;Continu;Afname
1494;Gebouw;Cultureel centrum;Continu;Afname
171;Gebouw;Bibliotheek;Continu;Afname
1498;Gebouw;Jeugdhuis;Continu;Afname
741;Gebouw;Stadion;Continu;Afname
1502;Gebouw;Ontmoetingscentrum;Continu;Afname
362;Gebouw;Cultureel centrum;Continu;Afname
1506;;;Continu;Afname
745;;;Continu;Afname
1510;;;Continu;Afname
6;Gebouw;Kerk;Continu;Afname
1514;Gebouw;Lagere school;Continu;Afname
749;Gebouw;Kinderdagverblijf/BKO/IBO;Continu;Afname
1518;Gebouw;Ontmoetingscentrum;Continu;Afname
366;Gebouw;Stadhuis/Gemeentehuis;Continu;Afname
1522;Gebouw;Dienstencentrum/CAW/dagverblijf;Continu;Afname
753;Gebouw;Andere gebouwen;Continu;Afname
1526;Gebouw;Cultureel centrum;Continu;Afname
175;;;Continu;Afname
1530;Gebouw;Lagere school;Continu;Afname
757;Gebouw;Stadion;Continu;Afname
1534;;;Continu;Afname
370;Gebouw;Ontmoetingscentrum;Continu;Afname
1538;;;Continu;Afname
761;;;Continu;Afname
1542;Gebouw;Cultureel centrum;Continu;Afname
80;;;Continu;Afname
1546;Gebouw;Bibliotheek;Continu;Afname
765;Gebouw;Stadion;Continu;Afname
766;;;Continu;Afname
178;Gebouw;OCMW Administratief centrum;Continu;Afname
1555;Gebouw;Administratief centrum;Continu;Afname
375;Gebouw;Lagere school;Continu;Afname
1559;;;Continu;Afname
81;Gebouw;Stadhuis/Gemeentehuis;Continu;Afname
1563;;;Continu;Afname
1565;;;Continu;Afname
1567;Gebouw;Sporthal;Continu;Afname
180;Gebouw;Dienstencentrum/CAW/dagverblijf;Continu;Afname
776;;;Continu;Afname
1572;Gebouw;Stadhuis/Gemeentehuis;Continu;Afname
1574;Gebouw;Academie;Continu;Afname
9;Gebouw;Sporthal;Continu;Afname
1577;;;Continu;Afname
781;Gebouw;Bibliotheek;Continu;Afname
1581;;;Continu;Afname
382;;;Continu;Afname
1585;Terrein;Andere terreinen;Continu;Afname
785;Gebouw;Cultureel centrum;Continu;Afname
1589;Gebouw;Lagere school;Continu;Afname
183;Gebouw;Museum;Continu;Afname
1593;;;Continu;Afname
789;Gebouw;Administratief centrum;Continu;Afname
1597;;;Continu;Afname
386;Gebouw;Stadhuis/Gemeentehuis;Continu;Afname
1601;;;Continu;Afname
793;;;Continu;Afname
1605;Gebouw;Zwembad;Continu;Afname
1608;;;Continu;Afname
1609;;;Continu;Afname
797;Gebouw;Cultureel centrum;Continu;Afname
798;Gebouw;Jeugdhuis;Continu;Afname
390;;;Continu;Afname
1617;Gebouw;Academie;Continu;Afname
801;Gebouw;Politiegebouw;Continu;Afname
1621;Gebouw;Andere gebouwen;Continu;Afname
1625;;;Continu;Afname
393;;;Continu;Afname
1629;;;Continu;Afname
394;Andere;Pomp;Continu;Afname
808;;;Continu;Afname
809;;;Continu;Afname
1637;Gebouw;Sporthal;Continu;Afname
10;Gebouw;Ontmoetingscentrum;Continu;Afname
813;;;Continu;Afname
1645;;;Continu;Afname
398;Gebouw;Andere gebouwen;Continu;Afname
1649;Gebouw;Stadion;Continu;Afname
817;;;Continu;Afname
1653;Gebouw;Stadhuis/Gemeentehuis;Continu;Afname
191;;;Continu;Afname
1657;;;Continu;Afname
821;;;Continu;Afname
1661;;;Continu;Afname
824;;;Continu;Afname
403;;;Continu;Afname
826;;;Continu;Afname
88;Gebouw;Stadhuis/Gemeentehuis;Continu;Afname
1677;Gebouw;OCMW Administratief centrum;Continu;Afname
406;;;Continu;Afname
1681;Gebouw;Museum;Continu;Afname
833;;;Continu;Afname
1685;;;Continu;Afname
195;Gebouw;Administratief centrum;Continu;Afname
1689;Gebouw;Museum;Continu;Afname
837;Gebouw;Academie;Continu;Afname
838;;;Continu;Afname
410;Gebouw;Stadhuis/Gemeentehuis;Continu;Afname
1698;;;Continu;Afname
411;;;Continu;Afname
1701;;;Continu;Afname
37;;;Continu;Afname
1705;Gebouw;Lagere school;Continu;Afname
413;;;Continu;Afname
1709;Gebouw;Stadhuis/Gemeentehuis;Continu;Afname
414;;;Continu;Afname
1714;;;Continu;Afname
849;;;Continu;Afname
1717;Gebouw;OCMW Administratief centrum;Continu;Afname
91;;;Continu;Afname
1721;;;Continu;Afname
853;;;Continu;Afname
1726;;;Continu;Afname
418;;;Continu;Afname
1729;;;Continu;Afname
857;Gebouw;Stadhuis/Gemeentehuis;Continu;Afname
1732;Gebouw;RVT/WZC/revalidatiecentrum;Continu;Afname
92;Gebouw;Lagere school;Continu;Afname
1733;;;Continu;Afname
861;Gebouw;Museum;Continu;Afname
173;;;Continu;Afname
422;;;Continu;Afname
864;Gebouw;Lagere school;Continu;Afname
865;;;Continu;Afname
866;;;Continu;Afname
1607;Gebouw;Jeugdhuis;Continu;Afname
1552;Gebouw;Andere gebouwen;Continu;Afname
869;;;Continu;Afname
870;Gebouw;Stadhuis/Gemeentehuis;Continu;Afname
426;;;Continu;Afname
873;;;Continu;Afname
1556;;;Continu;Afname
2;;;Continu;Afname
1558;;;Continu;Afname
877;;;Continu;Afname
1703;;;Continu;Afname
430;;;Continu;Afname
683;Gebouw;Bibliotheek;Continu;Afname
881;Gebouw;Ontmoetingscentrum;Continu;Afname
659;Gebouw;Lagere school;Continu;Afname
207;Gebouw;Stadion;Continu;Afname
767;;;Continu;Afname
885;;;Continu;Afname
1273;Gebouw;Algemene middelbare school;Continu;Afname
434;Gebouw;Brandweerkazerne;Continu;Afname
769;Gebouw;Politiegebouw;Continu;Afname
889;Gebouw;Andere gebouwen;Continu;Afname
970;Gebouw;Cultureel centrum;Continu;Afname
96;Gebouw;OCMW Woningen;Continu;Afname
893;Gebouw;Dienstencentrum/CAW/dagverblijf;Continu;Afname
954;;;Continu;Afname
438;;;Continu;Afname
1568;Gebouw;Sporthal;Continu;Afname
867;Gebouw;RVT/WZC/revalidatiecentrum;Continu;Afname
665;;;Continu;Afname
211;;;Continu;Afname
900;;;Continu;Afname
901;;;Continu;Afname
942;Gebouw;RVT/WZC/revalidatiecentrum;Continu;Afname
442;Gebouw;Sporthal;Continu;Afname
153;Gebouw;Bibliotheek;Continu;Afname
905;;;Continu;Afname
1561;;;Continu;Afname
41;Gebouw;Werkplaats;Continu;Afname
909;Gebouw;RVT/WZC/revalidatiecentrum;Continu;Afname
1281;Gebouw;Parking;Continu;Afname
446;Gebouw;Cultureel centrum;Continu;Afname
913;Gebouw;Lagere school;Continu;Afname
1040;;;Continu;Afname
215;;;Continu;Afname
715;Gebouw;Andere gebouwen;Continu;Afname
917;Gebouw;Andere gebouwen;Continu;Afname
404;Gebouw;Ontmoetingscentrum;Continu;Afname
450;Gebouw;Sportcomplex;Continu;Afname
476;Gebouw;Sporthal;Continu;Afname
921;Gebouw;Cultureel centrum;Continu;Afname
595;Gebouw;Sporthal;Continu;Afname
675;;;Continu;Afname
777;Gebouw;Sporthal;Continu;Afname
1373;;;Continu;Afname
699;;;Continu;Afname
454;;;Continu;Afname
1111;;;Continu;Afname
929;;;Continu;Afname
68;;;Continu;Afname
219;Gebouw;Jeugdhuis;Continu;Afname
348;Gebouw;Andere gebouwen;Continu;Afname
933;Gebouw;Andere gebouwen;Continu;Afname
328;Gebouw;Andere gebouwen;Continu;Afname
458;Gebouw;Andere gebouwen;Continu;Afname
1327;Gebouw;Andere gebouwen;Continu;Afname
937;Gebouw;Sporthal;Continu;Afname
1401;Gebouw;Andere gebouwen;Continu;Afname
677;;;Continu;Afname
329;Gebouw;Sporthal;Continu;Afname
461;Gebouw;Sporthal;Continu;Afname
1159;;;Continu;Afname
222;;;Continu;Afname
1183;Gebouw;Cultureel centrum;Continu;Afname
1079;Gebouw;Sportcomplex;Continu;Afname
1367;;;Continu;Afname
223;Gebouw;Administratief centrum;Continu;Afname
651;;;Continu;Afname
465;;;Continu;Afname
1393;Gebouw;Ontmoetingscentrum;Continu;Afname
466;;;Continu;Afname
1371;;;Continu;Afname
952;Andere;Pomp;Continu;Afname
1087;;;Continu;Afname
104;;;Continu;Afname
956;Gebouw;Academie;Continu;Afname
851;;;Continu;Afname
470;Gebouw;Andere gebouwen;Continu;Afname
244;Gebouw;Ontmoetingscentrum;Continu;Afname
960;Gebouw;Ontmoetingscentrum;Continu;Afname
1328;;;Continu;Afname
105;;;Continu;Afname
571;Andere;Kast;Continu;Afname
1695;Andere;Kast;Continu;Afname
1736;Andere;Kast;Continu;Afname
228;Andere;Kast;Continu;Afname
967;Andere;Kast;Continu;Afname
475;Gebouw;Dienstencentrum/CAW/dagverblijf;Continu;Afname
969;Gebouw;Ontmoetingscentrum;Continu;Afname
15;;;Continu;Afname
106;;;Continu;Afname
477;;;Continu;Afname
972;Gebouw;Ontmoetingscentrum;Continu;Afname
230;Gebouw;Ontmoetingscentrum;Continu;Afname
974;;;Continu;Afname
479;;;Continu;Afname
976;Gebouw;Sporthal;Continu;Afname
107;;;Continu;Afname
978;;;Continu;Afname
481;;;Continu;Afname
980;;;Continu;Afname
232;Andere;Kast;Continu;Afname
982;Gebouw;Stadhuis/Gemeentehuis;Continu;Afname
483;;;Continu;Afname
984;Gebouw;RVT/WZC/revalidatiecentrum;Continu;Afname
46;Gebouw;OCMW Administratief centrum;Continu;Afname
986;Gebouw;Administratief centrum;Continu;Afname
485;Gebouw;Administratief centrum;Continu;Afname
988;Gebouw;Administratief centrum;Continu;Afname
234;;;Continu;Afname
990;;;Continu;Afname
487;Gebouw;Ontmoetingscentrum;Continu;Afname
992;;;Continu;Afname
109;;;Continu;Afname
994;;;Continu;Afname
489;;;Continu;Afname
996;;;Continu;Afname
236;;;Continu;Afname
998;;;Continu;Afname
491;;;Continu;Afname
1000;Gebouw;Administratief centrum;Continu;Afname
1741;Gebouw;OCMW Woningen;Continu;Afname
1669;;;Continu;Afname
1640;;;Continu;Afname
1575;;;Continu;Afname
1205;;;Continu;Afname
1199;Gebouw;Andere gebouwen;Continu;Afname
1192;;;Continu;Afname
1103;;;Continu;Afname
1007;;;Continu;Afname
1009;;;Continu;Afname
1004;;;Continu;Afname
1011;Gebouw;Jeugdhuis;Continu;Afname
1003;Gebouw;Andere gebouwen;Continu;Afname
1013;Gebouw;Andere gebouwen;Continu;Afname
1001;;;Continu;Afname
1015;;;Continu;Afname
498;;;Continu;Afname
1017;Gebouw;Brandweerkazerne;Continu;Afname
500;Gebouw;Werkplaats;Continu;Afname
1019;;;Continu;Afname
495;;;Continu;Afname
1021;;;Continu;Afname
502;Gebouw;Werkplaats;Continu;Afname
1023;;;Continu;Afname
494;;;Continu;Afname
1025;Gebouw;Ontmoetingscentrum;Continu;Afname
504;;;Continu;Afname
1027;;;Continu;Afname
492;;;Continu;Afname
1029;Gebouw;Ontmoetingscentrum;Continu;Afname
506;;;Continu;Afname
1031;;;Continu;Afname
243;Gebouw;Museum;Continu;Afname
1033;Gebouw;Lagere school;Continu;Afname
508;;;Continu;Afname
510;Gebouw;Andere gebouwen;Continu;Afname
1039;Gebouw;Andere gebouwen;Continu;Afname
240;Gebouw;Andere gebouwen;Continu;Afname
1041;Gebouw;RVT/WZC/revalidatiecentrum;Continu;Afname
512;;;Continu;Afname
1043;Gebouw;Werkplaats;Continu;Afname
247;;;Continu;Afname
1045;;;Continu;Afname
514;Gebouw;Administratief centrum;Continu;Afname
1047;Gebouw;Andere gebouwen;Continu;Afname
239;;;Continu;Afname
1049;Gebouw;Andere gebouwen;Continu;Afname
516;Gebouw;Andere gebouwen;Continu;Afname
1051;Gebouw;Lagere school;Continu;Afname
249;;;Continu;Afname
1053;Gebouw;Cultureel centrum;Continu;Afname
518;Gebouw;Sporthal;Continu;Afname
1055;Gebouw;Andere gebouwen;Continu;Afname
237;Gebouw;Andere gebouwen;Continu;Afname
1057;Gebouw;Cultureel centrum;Continu;Afname
520;Gebouw;Stadion;Continu;Afname
1059;;;Continu;Afname
251;Gebouw;Andere gebouwen;Continu;Afname
1061;Gebouw;Andere gebouwen;Continu;Afname
522;;;Continu;Afname
1063;;;Continu;Afname
116;Gebouw;Andere gebouwen;Continu;Afname
252;;;Continu;Afname
524;Gebouw;Andere gebouwen;Continu;Afname
1066;;;Continu;Afname
253;;;Continu;Afname
1068;Gebouw;Sporthal;Continu;Afname
526;Andere;Fontein;Continu;Afname
1070;;;Continu;Afname
118;Gebouw;Andere gebouwen;Continu;Afname
1072;;;Continu;Afname
528;Gebouw;Andere gebouwen;Continu;Afname
1074;Andere;Laadeiland;Continu;Afname
255;;;Continu;Afname
1076;Gebouw;Andere gebouwen;Continu;Afname
1078;Gebouw;Brandweerkazerne;Continu;Afname
113;Gebouw;Cultureel centrum;Continu;Afname
1080;Gebouw;Andere gebouwen;Continu;Afname
532;Gebouw;Andere gebouwen;Continu;Afname
1082;;;Continu;Afname
257;Gebouw;Andere gebouwen;Continu;Afname
1084;;;Continu;Afname
534;Gebouw;Lagere school;Continu;Afname
1086;Gebouw;Administratief centrum;Continu;Afname
120;;;Continu;Afname
1088;Gebouw;Sporthal;Continu;Afname
536;Gebouw;Lagere school;Continu;Afname
1090;;;Continu;Afname
259;Andere;Laadeiland;Continu;Afname
538;;;Continu;Afname
1094;Gebouw;Andere gebouwen;Continu;Afname
112;Gebouw;Andere gebouwen;Continu;Afname
1096;;;Continu;Afname
540;;;Continu;Afname
1098;;;Continu;Afname
261;;;Continu;Afname
1100;;;Continu;Afname
542;Terrein;Tennisveld;Continu;Afname
1102;Terrein;Tennisveld;Continu;Afname
1104;Gebouw;Werkplaats;Continu;Afname
544;Gebouw;Ontmoetingscentrum;Continu;Afname
1106;Gebouw;Cultureel centrum;Continu;Afname
263;;;Continu;Afname
1108;;;Continu;Afname
546;Gebouw;Andere gebouwen;Continu;Afname
1110;;;Continu;Afname
110;;;Continu;Afname
1112;;;Continu;Afname
548;;;Continu;Afname
1114;;;Continu;Afname
265;Gebouw;Andere gebouwen;Continu;Afname
1116;Gebouw;Cultureel centrum;Continu;Afname
550;;;Continu;Afname
1118;;;Continu;Afname
124;;;Continu;Afname
1120;Gebouw;Andere gebouwen;Continu;Afname
552;;;Continu;Afname
1122;Gebouw;RVT/WZC/revalidatiecentrum;Continu;Afname
267;;;Continu;Afname
1124;Gebouw;Sporthal;Continu;Afname
554;;;Continu;Afname
1126;Terrein;Containerpark;Continu;Afname
53;;;Continu;Afname
1128;Gebouw;Administratief centrum;Continu;Afname
556;Gebouw;Academie;Continu;Afname
1130;Gebouw;Stadhuis/Gemeentehuis;Continu;Afname
1132;Gebouw;Sporthal;Continu;Afname
558;;;Continu;Afname
1134;Gebouw;Ontmoetingscentrum;Continu;Afname
126;;;Continu;Afname
1136;;;Continu;Afname
560;Gebouw;RVT/WZC/revalidatiecentrum;Continu;Afname
1138;Gebouw;OCMW Administratief centrum;Continu;Afname
271;;;Continu;Afname
1140;;;Continu;Afname
562;;;Continu;Afname
1142;Gebouw;Ontmoetingscentrum;Continu;Afname
55;;;Continu;Afname
1144;Gebouw;Werkplaats;Continu;Afname
564;;;Continu;Afname
1146;;;Continu;Afname
273;Gebouw;Werkplaats;Continu;Afname
1148;;;Continu;Afname
566;;;Continu;Afname
1150;Gebouw;Dienstencentrum/CAW/dagverblijf;Continu;Afname
128;;;Continu;Afname
568;Gebouw;Andere gebouwen;Continu;Afname
1154;Gebouw;Lagere school;Continu;Afname
275;;;Continu;Afname
1156;;;Continu;Afname
570;Gebouw;Ontmoetingscentrum;Continu;Afname
1158;;;Continu;Afname
50;;;Continu;Afname
1160;;;Continu;Afname
572;;;Continu;Afname
1162;;;Continu;Afname
277;Gebouw;Museum;Continu;Afname
1164;Gebouw;Ontmoetingscentrum;Continu;Afname
574;Gebouw;RVT/WZC/revalidatiecentrum;Continu;Afname
1166;Gebouw;Lagere school;Continu;Afname
1168;;;Continu;Afname
576;Andere;Kast;Continu;Afname
1170;;;Continu;Afname
279;;;Continu;Afname
1172;;;Continu;Afname
578;;;Continu;Afname
1174;;;Continu;Afname
57;;;Continu;Afname
1176;Gebouw;Brandweerkazerne;Continu;Afname
580;;;Continu;Afname
1178;Gebouw;Werkplaats;Continu;Afname
281;;;Continu;Afname
1180;;;Continu;Afname
582;;;Continu;Afname
1182;Gebouw;Andere gebouwen;Continu;Afname
132;;;Continu;Afname
1184;;;Continu;Afname
584;;;Continu;Afname
1186;;;Continu;Afname
283;;;Continu;Afname
1188;;;Continu;Afname
1190;;;Continu;Afname
49;;;Continu;Afname
58;;;Continu;Afname
1194;Gebouw;Cultureel centrum;Continu;Afname
285;;;Continu;Afname
1196;Gebouw;Politiegebouw;Continu;Afname
590;;;Continu;Afname
1198;;;Continu;Afname
134;Gebouw;Lagere school;Continu;Afname
591;Gebouw;Stadhuis/Gemeentehuis;Continu;Afname
594;;;Continu;Afname
596;;;Continu;Afname
1212;;;Continu;Afname
289;Gebouw;Stadhuis/Gemeentehuis;Continu;Afname
598;;;Continu;Afname
1216;Gebouw;Lagere school;Continu;Afname
1218;Gebouw;Ontmoetingscentrum;Continu;Afname
600;;;Continu;Afname
1220;;;Continu;Afname
291;;;Continu;Afname
1222;;;Continu;Afname
602;;;Continu;Afname
1224;;;Continu;Afname
47;Andere;Kast;Continu;Afname
1226;;;Continu;Afname
604;;;Continu;Afname
1228;;;Continu;Afname
293;;;Continu;Afname
1230;;;Continu;Afname
606;;;Continu;Afname
1232;;;Continu;Afname
138;;;Continu;Afname
1234;;;Continu;Afname
608;;;Continu;Afname
1236;;;Continu;Afname
295;;;Continu;Afname
1238;Gebouw;Lagere school;Continu;Afname
610;;;Continu;Afname
1240;;;Continu;Afname
61;;;Continu;Afname
1242;;;Continu;Afname
612;;;Continu;Afname
1244;Gebouw;Kinderdagverblijf/BKO/IBO;Continu;Afname
297;;;Continu;Afname
1246;;;Continu;Afname
614;;;Continu;Afname
1248;Gebouw;Ontmoetingscentrum;Continu;Afname
140;Gebouw;Kerk;Continu;Afname
1250;;;Continu;Afname
616;;;Continu;Afname
1252;;;Continu;Afname
299;;;Continu;Afname
618;;;Continu;Afname
1256;;;Continu;Afname
22;;;Continu;Afname
1258;Gebouw;Ontmoetingscentrum;Continu;Afname
620;;;Continu;Afname
1260;;;Continu;Afname
1262;;;Continu;Afname
622;;;Continu;Afname
1264;;;Continu;Afname
142;;;Continu;Afname
1266;;;Continu;Afname
624;;;Continu;Afname
1268;;;Continu;Afname
303;;;Continu;Afname
1270;;;Continu;Afname
626;;;Continu;Afname
1272;;;Continu;Afname
63;;;Continu;Afname
1274;;;Continu;Afname
628;;;Continu;Afname
1276;;;Continu;Afname
305;;;Continu;Afname
1278;Gebouw;Lagere school;Continu;Afname
630;Gebouw;Ontmoetingscentrum;Continu;Afname
1280;;;Continu;Afname
144;Gebouw;Lagere school;Continu;Afname
1282;Gebouw;Bibliotheek;Continu;Afname
632;;;Continu;Afname
1284;Gebouw;Sportcomplex;Continu;Afname
307;;;Continu;Afname
1286;;;Continu;Afname
634;;;Continu;Afname
24;;;Continu;Afname
1290;;;Continu;Afname
1292;;;Continu;Afname
309;;;Continu;Afname
1294;Andere;Andere;Continu;Afname
638;;;Continu;Afname
1296;;;Continu;Afname
146;Gebouw;Cultureel centrum;Continu;Afname
1298;;;Continu;Afname
311;Gebouw;Sporthal;Continu;Afname
1302;;;Continu;Afname
642;;;Continu;Afname
1304;;;Continu;Afname
644;;;Continu;Afname
1308;Andere;Kast;Continu;Afname
313;;;Continu;Afname
1310;;;Continu;Afname
148;;;Continu;Afname
1314;;;Continu;Afname
1316;;;Continu;Afname
1318;;;Continu;Afname
650;;;Continu;Afname
1320;;;Continu;Afname
19;;;Continu;Afname
1326;Gebouw;Lagere school;Continu;Afname
150;Gebouw;Ontmoetingscentrum;Continu;Afname
1330;;;Continu;Afname
656;;;Continu;Afname
1332;;;Continu;Afname
319;;;Continu;Afname
1334;Gebouw;RVT/WZC/revalidatiecentrum;Continu;Afname
1336;;;Continu;Afname
1338;;;Continu;Afname
1340;Gebouw;Administratief centrum;Continu;Afname
1342;;;Continu;Afname
662;;;Continu;Afname
1344;;;Continu;Afname
1388;Gebouw;RVT/WZC/revalidatiecentrum;Continu;Afname
333;Gebouw;Cultureel centrum;Continu;Afname
1390;Gebouw;Cultureel centrum;Continu;Afname
686;Gebouw;Politiegebouw;Continu;Afname
1392;;;Continu;Afname
158;;;Continu;Afname
1394;;;Continu;Afname
688;Gebouw;School;Continu;Afname
1396;;;Continu;Afname
1398;Gebouw;Ontmoetingscentrum;Continu;Afname
690;;;Continu;Afname
1400;Gebouw;Cultureel centrum;Continu;Afname
71;Gebouw;Stadhuis/Gemeentehuis;Continu;Afname
1402;;;Continu;Afname
692;Gebouw;Administratief centrum;Continu;Afname
1404;;;Continu;Afname
337;Gebouw;Ontmoetingscentrum;Continu;Afname
694;Gebouw;Administratief centrum;Continu;Afname
1408;Gebouw;Ontmoetingscentrum;Continu;Afname
160;;;Continu;Afname
1410;;;Continu;Afname
696;Gebouw;RVT/WZC/revalidatiecentrum;Continu;Afname
1412;Gebouw;Museum;Continu;Afname
339;Gebouw;Andere gebouwen;Continu;Afname
1414;Gebouw;Andere gebouwen;Continu;Afname
698;;;Continu;Afname
1416;;;Continu;Afname
28;;;Continu;Afname
1418;Gebouw;School;Continu;Afname
700;;;Continu;Afname
1420;;;Continu;Afname
341;;;Continu;Afname
1422;Gebouw;Andere gebouwen;Continu;Afname
702;Gebouw;Andere gebouwen;Continu;Afname
1424;;;Continu;Afname
162;;;Continu;Afname
1426;Gebouw;Bibliotheek;Continu;Afname
704;Gebouw;Administratief centrum;Continu;Afname
1428;Gebouw;Cultureel centrum;Continu;Afname
343;;;Continu;Afname
1430;;;Continu;Afname
706;;;Continu;Afname
1432;;;Continu;Afname
1434;;;Continu;Afname
708;Gebouw;Cultureel centrum;Continu;Afname
1436;Gebouw;Ontmoetingscentrum;Continu;Afname
345;Gebouw;Andere gebouwen;Continu;Afname
1438;Gebouw;Sporthal;Continu;Afname
710;Gebouw;Cultureel centrum;Continu;Afname
1440;;;Continu;Afname
164;;;Continu;Afname
1442;;;Continu;Afname
712;;;Continu;Afname
1444;;;Continu;Afname
347;;;Continu;Afname
1446;Gebouw;Lagere school;Continu;Afname
1448;Gebouw;Ontmoetingscentrum;Continu;Afname
16;;;Continu;Afname
1450;;;Continu;Afname
716;Openbare verlichting;Straatverlichting;Continu;Afname
1452;;;Continu;Afname
349;Gebouw;Ontmoetingscentrum;Continu;Afname
1454;;;Continu;Afname
718;Gebouw;Andere gebouwen;Continu;Afname
1456;;;Continu;Afname
166;;;Continu;Afname
1458;;;Continu;Afname
720;;;Continu;Afname
351;;;Continu;Afname
1462;Gebouw;Sporthal;Continu;Afname
722;Gebouw;Cultureel centrum;Continu;Afname
1464;Gebouw;Sporthal;Continu;Afname
75;;;Continu;Afname
1465;;;Continu;Afname
724;Gebouw;Andere gebouwen;Continu;Afname
1467;;;Continu;Afname
353;;;Continu;Afname
1469;;;Continu;Afname
726;Gebouw;Administratief centrum;Continu;Afname
1471;;;Continu;Afname
168;Gebouw;Administratief centrum;Continu;Afname
1473;Gebouw;Ontmoetingscentrum;Continu;Afname
728;;;Continu;Afname
1475;;;Continu;Afname
355;Gebouw;Bibliotheek;Continu;Afname
1477;Gebouw;Museum;Continu;Afname
730;;;Continu;Afname
1479;;;Continu;Afname
30;Gebouw;Administratief centrum;Continu;Afname
1481;Gebouw;Sporthal;Continu;Afname
732;Gebouw;Sporthal;Continu;Afname
1483;Gebouw;Sporthal;Continu;Afname
357;;;Continu;Afname
1485;Gebouw;School;Continu;Afname
734;Gebouw;Andere gebouwen;Continu;Afname
1487;;;Continu;Afname
170;;;Continu;Afname
1489;;;Continu;Afname
736;;;Continu;Afname
1491;Gebouw;Administratief centrum;Continu;Afname
359;;;Continu;Afname
1493;Gebouw;Administratief centrum;Continu;Afname
738;;;Continu;Afname
1495;;;Continu;Afname
77;Gebouw;Andere gebouwen;Continu;Afname
1497;;;Continu;Afname
740;;;Continu;Afname
1499;;;Continu;Afname
361;;;Continu;Afname
1501;Gebouw;Administratief centrum;Continu;Afname
742;;;Continu;Afname
1503;Gebouw;Lagere school;Continu;Afname
172;;;Continu;Afname
1505;;;Continu;Afname
744;Gebouw;School;Continu;Afname
1507;;;Continu;Afname
363;;;Continu;Afname
1509;;;Continu;Afname
746;Gebouw;Andere gebouwen;Continu;Afname
1511;Gebouw;Administratief centrum;Continu;Afname
7;;;Continu;Afname
1513;;;Continu;Afname
748;;;Continu;Afname
1515;;;Continu;Afname
365;;;Continu;Afname
1517;;;Continu;Afname
750;;;Continu;Afname
1519;Openbare verlichting;Straatverlichting;Continu;Afname
174;;;Continu;Afname
1521;;;Continu;Afname
752;;;Continu;Afname
1523;;;Continu;Afname
367;;;Continu;Afname
1525;;;Continu;Afname
754;;;Continu;Afname
1527;;;Continu;Afname
79;;;Continu;Afname
1529;;;Continu;Afname
756;;;Continu;Afname
1531;;;Continu;Afname
369;Gebouw;Administratief centrum;Continu;Afname
1533;;;Continu;Afname
758;Gebouw;Lagere school;Continu;Afname
1535;;;Continu;Afname
176;;;Continu;Afname
1537;;;Continu;Afname
760;;;Continu;Afname
1539;;;Continu;Afname
371;;;Continu;Afname
1541;;;Continu;Afname
762;Gebouw;Administratief centrum;Continu;Afname
1543;;;Continu;Afname
32;;;Continu;Afname
1545;Gebouw;Andere gebouwen;Continu;Afname
764;Gebouw;Administratief centrum;Continu;Afname
1547;;;Continu;Afname
373;;;Continu;Afname
1549;;;Continu;Afname
1551;;;Continu;Afname
1553;Gebouw;Cultureel centrum;Continu;Afname
380;Gebouw;OCMW Woningen;Continu;Afname
780;Gebouw;Ontmoetingscentrum;Continu;Afname
1578;Gebouw;Sporthal;Continu;Afname
381;Gebouw;Sporthal;Continu;Afname
1580;Gebouw;Werkplaats;Continu;Afname
782;Gebouw;Ontmoetingscentrum;Continu;Afname
1582;Gebouw;Werkplaats;Continu;Afname
182;Gebouw;Sporthal;Continu;Afname
1584;;;Continu;Afname
784;;;Continu;Afname
1586;Gebouw;Sporthal;Continu;Afname
383;Gebouw;Andere gebouwen;Continu;Afname
1588;;;Continu;Afname
786;Gebouw;Academie;Continu;Afname
1590;;;Continu;Afname
83;Gebouw;Administratief centrum;Continu;Afname
1592;Gebouw;Cultureel centrum;Continu;Afname
788;Gebouw;Cultureel centrum;Continu;Afname
1594;Gebouw;Sporthal;Continu;Afname
385;;;Continu;Afname
1596;Gebouw;RVT/WZC/revalidatiecentrum;Continu;Afname
790;;;Continu;Afname
1598;Gebouw;Sporthal;Continu;Afname
184;Gebouw;Administratief centrum;Continu;Afname
1600;;;Continu;Afname
792;;;Continu;Afname
1602;Gebouw;Ontmoetingscentrum;Continu;Afname
387;Gebouw;Sporthal;Continu;Afname
1604;;;Continu;Afname
794;Gebouw;Ontmoetingscentrum;Continu;Afname
1606;Gebouw;Sporthal;Continu;Afname
34;Gebouw;Cultureel centrum;Continu;Afname
796;;;Continu;Afname
1610;;;Continu;Afname
389;;;Continu;Afname
1612;;;Continu;Afname
1614;Gebouw;Ontmoetingscentrum;Continu;Afname
186;;;Continu;Afname
1616;Gebouw;Sporthal;Continu;Afname
800;;;Continu;Afname
1618;Gebouw;Sporthal;Continu;Afname
391;Gebouw;Sporthal;Continu;Afname
1620;Gebouw;Cultureel centrum;Continu;Afname
802;Gebouw;Administratief centrum;Continu;Afname
1622;Gebouw;School;Continu;Afname
85;Gebouw;Sporthal;Continu;Afname
1624;;;Continu;Afname
804;Gebouw;Sporthal;Continu;Afname
1626;Gebouw;Cultureel centrum;Continu;Afname
1628;Gebouw;RVT/WZC/revalidatiecentrum;Continu;Afname
806;;;Continu;Afname
1630;;;Continu;Afname
188;Gebouw;Sporthal;Continu;Afname
1632;;;Continu;Afname
1634;Gebouw;RVT/WZC/revalidatiecentrum;Continu;Afname
395;;;Continu;Afname
1636;Gebouw;RVT/WZC/revalidatiecentrum;Continu;Afname
810;Gebouw;Museum;Continu;Afname
1638;Gebouw;Bibliotheek;Continu;Afname
4;;;Continu;Afname
86;Gebouw;Sporthal;Continu;Afname
812;;;Continu;Afname
1642;Gebouw;Sporthal;Continu;Afname
397;Gebouw;Ontmoetingscentrum;Continu;Afname
1644;Gebouw;Sporthal;Continu;Afname
814;;;Continu;Afname
1646;Gebouw;School;Continu;Afname
190;;;Continu;Afname
1648;Gebouw;Administratief centrum;Continu;Afname
816;Gebouw;Museum;Continu;Afname
1650;Gebouw;Sporthal;Continu;Afname
399;Gebouw;School;Continu;Afname
1652;;;Continu;Afname
818;Gebouw;Sporthal;Continu;Afname
1654;Gebouw;Sportcomplex;Continu;Afname
87;Terrein;Looppiste;Continu;Afname
1656;Gebouw;Administratief centrum;Continu;Afname
820;Gebouw;Administratief centrum;Continu;Afname
1658;Gebouw;Sporthal;Continu;Afname
401;Gebouw;Administratief centrum;Continu;Afname
1660;Gebouw;Cultureel centrum;Continu;Afname
822;Gebouw;Sporthal;Continu;Afname
1662;Gebouw;Sporthal;Continu;Afname
1664;Gebouw;Cultureel centrum;Continu;Afname
1666;Gebouw;Sporthal;Continu;Afname
1668;Gebouw;Cultureel centrum;Continu;Afname
1670;;;Continu;Afname
36;Gebouw;Administratief centrum;Continu;Afname
1672;Gebouw;RVT/WZC/revalidatiecentrum;Continu;Afname
828;Gebouw;Bibliotheek;Continu;Afname
1674;Gebouw;Sporthal;Continu;Afname
405;Gebouw;Cultureel centrum;Continu;Afname
1676;;;Continu;Afname
830;Gebouw;School;Continu;Afname
1678;Gebouw;Ontmoetingscentrum;Continu;Afname
194;;;Continu;Afname
1680;Gebouw;Werkplaats;Continu;Afname
832;;;Continu;Afname
1682;Gebouw;Administratief centrum;Continu;Afname
407;Gebouw;Sporthal;Continu;Afname
1684;;;Continu;Afname
834;;;Continu;Afname
1686;;;Continu;Afname
89;;;Continu;Afname
1688;Gebouw;Cultureel centrum;Continu;Afname
836;Gebouw;Cultureel centrum;Continu;Afname
1690;;;Continu;Afname
409;Gebouw;Administratief centrum;Continu;Afname
1692;Gebouw;Andere gebouwen;Continu;Afname
1694;;;Continu;Afname
196;Gebouw;Sporthal;Continu;Afname
1696;Gebouw;Bibliotheek;Continu;Afname
840;Gebouw;School;Continu;Afname
1700;;;Continu;Afname
842;;;Continu;Afname
1702;Gebouw;Sportcomplex;Continu;Afname
11;;;Continu;Afname
1704;;;Continu;Afname
844;Gebouw;School;Continu;Afname
1706;Gebouw;School;Continu;Afname
1708;Gebouw;Administratief centrum;Continu;Afname
846;Gebouw;Sportcomplex;Continu;Afname
1710;Gebouw;Cultureel centrum;Continu;Afname
198;;;Continu;Afname
1712;Gebouw;Cultureel centrum;Continu;Afname
848;Gebouw;Administratief centrum;Continu;Afname
415;Gebouw;Andere gebouwen;Continu;Afname
1716;Gebouw;Ontmoetingscentrum;Continu;Afname
850;Gebouw;Sporthal;Continu;Afname
1718;Gebouw;Sporthal;Continu;Afname
1720;Gebouw;Zwembad;Continu;Afname
852;Gebouw;Sporthal;Continu;Afname
1722;;;Continu;Afname
417;Gebouw;Cultureel centrum;Continu;Afname
1724;Gebouw;Ontmoetingscentrum;Continu;Afname
854;Gebouw;Sporthal;Continu;Afname
200;;;Continu;Afname
1728;Gebouw;Sporthal;Continu;Afname
856;Gebouw;Sporthal;Continu;Afname
1730;Gebouw;Ontmoetingscentrum;Continu;Afname
419;Gebouw;Ontmoetingscentrum;Continu;Afname
1512;Gebouw;Sporthal;Continu;Afname
858;Gebouw;Andere gebouwen;Continu;Afname
747;;;Continu;Afname
38;Gebouw;RVT/WZC/revalidatiecentrum;Continu;Afname
1257;Gebouw;Sporthal;Continu;Afname
860;Gebouw;Bibliotheek;Continu;Afname
619;;;Continu;Afname
421;Gebouw;Andere gebouwen;Continu;Afname
300;Gebouw;Sporthal;Continu;Afname
862;Gebouw;Administratief centrum;Continu;Afname
202;;;Continu;Afname
1734;Gebouw;Andere gebouwen;Continu;Afname
1735;Gebouw;Andere gebouwen;Continu;Afname
423;Gebouw;Ontmoetingscentrum;Continu;Afname
1576;Gebouw;Stadhuis/Gemeentehuis;Continu;Afname
1127;;;Continu;Afname
93;;;Continu;Afname
868;Gebouw;Kinderdagverblijf/BKO/IBO;Continu;Afname
1623;Terrein;Park;Continu;Afname
425;Gebouw;Administratief centrum;Continu;Afname
939;Gebouw;School;Continu;Afname
428;Gebouw;RVT/WZC/revalidatiecentrum;Continu;Afname
204;Gebouw;Andere gebouwen;Continu;Afname
779;;;Continu;Afname
872;;;Continu;Afname
1337;;;Continu;Afname
427;Gebouw;Administratief centrum;Continu;Afname
1560;;;Continu;Afname
874;Gebouw;Zwembad;Continu;Afname
149;Gebouw;Administratief centrum;Continu;Afname
3;;;Continu;Afname
507;;;Continu;Afname
876;Gebouw;Cultureel centrum;Continu;Afname
587;;;Continu;Afname
429;Gebouw;Sporthal;Continu;Afname
635;Gebouw;Administratief centrum;Continu;Afname
878;;;Continu;Afname
1325;;;Continu;Afname
206;;;Continu;Afname
1345;;;Continu;Afname
880;Gebouw;Sporthal;Continu;Afname
1564;Gebouw;Administratief centrum;Continu;Afname
431;Gebouw;Lagere school;Continu;Afname
663;Gebouw;Ontmoetingscentrum;Continu;Afname
882;;;Continu;Afname
1329;Gebouw;Sporthal;Continu;Afname
95;;;Continu;Afname
811;;;Continu;Afname
884;;;Continu;Afname
1417;;;Continu;Afname
433;;;Continu;Afname
62;;;Continu;Afname
886;;;Continu;Afname
1562;;;Continu;Afname
208;;;Continu;Afname
1663;;;Continu;Afname
888;;;Continu;Afname
1305;;;Continu;Afname
435;;;Continu;Afname
1349;;;Continu;Afname
890;;;Continu;Afname
322;Openbare verlichting;Straatverlichting;Continu;Afname
40;Openbare verlichting;Straatverlichting;Continu;Afname
891;;;Continu;Afname
892;;;Continu;Afname
221;Openbare verlichting;Straatverlichting;Continu;Afname
437;;;Continu;Afname
1353;Andere;Kast;Continu;Afname
894;;;Continu;Afname
1449;Gebouw;Sporthal;Continu;Afname
210;;;Continu;Afname
332;;;Continu;Afname
896;Gebouw;Werkplaats;Continu;Afname
1048;;;Continu;Afname
439;Gebouw;Cultureel centrum;Continu;Afname
898;;;Continu;Afname
97;;;Continu;Afname
1361;;;Continu;Afname
823;;;Continu;Afname
441;;;Continu;Afname
374;Gebouw;Administratief centrum;Continu;Afname
902;;;Continu;Afname
212;Gebouw;Bibliotheek;Continu;Afname
859;Gebouw;Ontmoetingscentrum;Continu;Afname
904;;;Continu;Afname
179;Gebouw;Andere gebouwen;Continu;Afname
443;Gebouw;Cultureel centrum;Continu;Afname
1297;;;Continu;Afname
906;Gebouw;Andere gebouwen;Continu;Afname
1209;Gebouw;Andere gebouwen;Continu;Afname
13;Gebouw;Administratief centrum;Continu;Afname
424;Gebouw;Brandweerkazerne;Continu;Afname
555;Gebouw;Andere gebouwen;Continu;Afname
445;Gebouw;Sporthal;Continu;Afname
827;Gebouw;Sportcomplex;Continu;Afname
910;;;Continu;Afname
1571;;;Continu;Afname
214;;;Continu;Afname
1719;;;Continu;Afname
912;;;Continu;Afname
1289;;;Continu;Afname
447;Gebouw;Sporthal;Continu;Afname
523;;;Continu;Afname
914;;;Continu;Afname
412;Gebouw;Sportcomplex;Continu;Afname
99;Gebouw;Sportcomplex;Continu;Afname
946;Gebouw;Kinderdagverblijf/BKO/IBO;Continu;Afname
916;;;Continu;Afname
372;Gebouw;Administratief centrum;Continu;Afname
449;Gebouw;Ontmoetingscentrum;Continu;Afname
1357;;;Continu;Afname
918;;;Continu;Afname
1369;;;Continu;Afname
216;;;Continu;Afname
1217;;;Continu;Afname
920;;;Continu;Afname
308;;;Continu;Afname
451;;;Continu;Afname
1355;;;Continu;Afname
922;;;Continu;Afname
1352;;;Continu;Afname
42;;;Continu;Afname
924;;;Continu;Afname
1095;Gebouw;Werkplaats;Continu;Afname
453;;;Continu;Afname
926;;;Continu;Afname
1433;;;Continu;Afname
218;;;Continu;Afname
420;;;Continu;Afname
928;;;Continu;Afname
1036;;;Continu;Afname
455;;;Continu;Afname
197;;;Continu;Afname
930;;;Continu;Afname
707;Gebouw;Andere gebouwen;Continu;Afname
101;;;Continu;Afname
1377;Gebouw;Administratief centrum;Continu;Afname
932;;;Continu;Afname
457;;;Continu;Afname
1347;Gebouw;Andere gebouwen;Continu;Afname
934;Gebouw;School;Continu;Afname
203;;;Continu;Afname
220;Gebouw;Ontmoetingscentrum;Continu;Afname
962;Gebouw;Cultureel centrum;Continu;Afname
936;Gebouw;Cultureel centrum;Continu;Afname
468;;;Continu;Afname
459;Gebouw;Sporthal;Continu;Afname
679;Gebouw;Bibliotheek;Continu;Afname
938;Gebouw;Administratief centrum;Continu;Afname
1457;Gebouw;Cultureel centrum;Continu;Afname
1;Gebouw;Sporthal;Continu;Afname
460;Gebouw;Sporthal;Continu;Afname
1365;;;Continu;Afname
941;Gebouw;Ontmoetingscentrum;Continu;Afname
1175;;;Continu;Afname
1241;;;Continu;Afname
943;Gebouw;Cultureel centrum;Continu;Afname
463;Gebouw;Zwembad;Continu;Afname
539;Gebouw;Zwembad;Continu;Afname
945;Gebouw;Andere gebouwen;Continu;Afname
103;Gebouw;Andere gebouwen;Continu;Afname
531;Gebouw;Andere gebouwen;Continu;Afname
947;Gebouw;Sporthal;Continu;Afname
1285;;;Continu;Afname
949;Gebouw;Sporthal;Continu;Afname
691;;;Continu;Afname
224;Gebouw;Ontmoetingscentrum;Continu;Afname
678;Gebouw;Andere gebouwen;Continu;Afname
951;;;Continu;Afname
669;Gebouw;Cultureel centrum;Continu;Afname
467;Gebouw;Cultureel centrum;Continu;Afname
627;Gebouw;Administratief centrum;Continu;Afname
953;Gebouw;Administratief centrum;Continu;Afname
268;Gebouw;Andere gebouwen;Continu;Afname
44;Gebouw;Sporthal;Continu;Afname
1200;Gebouw;Stadion;Continu;Afname
955;Gebouw;Brandweerkazerne;Continu;Afname
643;Gebouw;Administratief centrum;Continu;Afname
469;Gebouw;Administratief centrum;Continu;Afname
803;;;Continu;Afname
957;Gebouw;Cultureel centrum;Continu;Afname
70;Gebouw;Andere gebouwen;Continu;Afname
226;;;Continu;Afname
1317;Gebouw;Cultureel centrum;Continu;Afname
959;Gebouw;Cultureel centrum;Continu;Afname
205;;;Continu;Afname
471;Gebouw;Administratief centrum;Continu;Afname
229;Gebouw;Andere gebouwen;Continu;Afname
961;;;Continu;Afname
1655;Gebouw;Lagere school;Continu;Afname
288;Gebouw;Administratief centrum;Continu;Afname
963;Gebouw;Sportcomplex;Continu;Afname
1364;;;Continu;Afname
473;Gebouw;Werkplaats;Continu;Afname
965;Gebouw;Administratief centrum;Continu;Afname
241;;;Continu;Afname
